site_id,total_patients,diabetes_patients,prevalence
SITE-007,6055,1830,0.3022295623451693
SITE-008,9891,3350,0.3386917399656253
SITE-001,14622,3830,0.2619340719463822
SITE-004,11273,4259,0.37780537567639494
SITE-003,11235,1765,0.1570983533600356
SITE-005,8645,1299,0.15026026604973974
SITE-006,14895,4859,0.32621685129238
SITE-002,23384,6796,0.2906260691070818
